Variable,VIF
Percent Cropland,5.6063366986166825
Crop Edge Density,4.173331825625186
Average Crop Area,2.7137613905339966
Proportion Large Farms,2.491010463301738
Proportion soybeans & small grains,2.5172253392790407
Proportion corn,2.91419733346244
Proportion fruit & vegetables,1.6528502502073112
Landscape Diversity,2.02092622310825
Cropland Diversity,1.5134172124629213
Year,1.0090978233557577
ASD Code,1.0142473556323612
