Variable,VIF
Percent Cropland,3.9371566942985847
Natural-Crop Edge Density,2.555968691226659
Average Crop Area,2.520719653081516
Proportion Large Farms,2.4958210611920686
Proportion soybeans & small grains,2.5193080870973414
Proportion corn,2.912897129493586
Proportion fruit & vegetables,1.6529049237096851
Landscape Diversity,1.932307884570356
Cropland Diversity,1.5087974749525983
Year,1.0089267549265892
ASD Code,1.0145282367883026
